id,title,abstract,doi
1,Scalable Algorithm for Blockchain,This paper proposes a new model for natural language processing tasks.,1f404efc-5310-4208-83f3-77331e2b7fbd
2,Flexible Technique for Quantum Computing,A new framework for cybersecurity threat detection is introduced.,ed1ea7c2-fc8d-4e93-b78b-876aa3bfe205
3,Robust Framework for Blockchain,We provide a comparative analysis of various AI optimization techniques.,d72c6323-95fe-42a6-a709-f96810a8362b
4,Secure Approach for Blockchain,The research examines the evolution of data privacy regulations worldwide.,254e8273-4070-45f2-9c1c-a1c4fd369886
5,Advanced Architecture for Data Privacy,We provide a comparative analysis of various AI optimization techniques.,41372366-0589-474c-b088-5adc7f001da9
6,Distributed Approach for IoT Networks,This study analyzes the effects of large-scale distributed systems in cloud computing.,858729de-275a-4e44-b7de-1f8ac820af06
7,Flexible System for Machine Learning,This paper explores the impact of machine learning algorithms on data analysis efficiency.,2924e6d0-0a28-4a90-ac51-095d631b35cb
8,Secure Model for Graph Databases,This study evaluates the scalability of real-time recommendation systems.,9db308db-c099-4e98-8abe-d9afea04b1c1
9,Optimized Framework for Blockchain,This paper explores the impact of machine learning algorithms on data analysis efficiency.,83e40845-b4f5-4992-b233-a0e371316d3c
10,Optimized Technique for IoT Networks,An empirical study on the performance of blockchain technologies.,52150b48-6229-4d96-8ce5-fef8ff4a0a94
11,Efficient Method for IoT Networks,This study evaluates the scalability of real-time recommendation systems.,285122d6-40b3-4951-af13-6e9784ece765
12,Optimized Model for Data Privacy,We present a novel approach for optimizing graph database queries.,4a30596d-0d69-4243-9f7d-1a6f627e8b31
13,Secure Framework for Cybersecurity,This study analyzes the effects of large-scale distributed systems in cloud computing.,384dc8e7-6800-41a0-88d3-570681073758
14,Optimized Approach for IoT Networks,This paper explores the impact of machine learning algorithms on data analysis efficiency.,b8777ee6-7b30-42d9-81cc-2437aa671b25
15,Advanced Model for Natural Language Processing,This study analyzes the effects of large-scale distributed systems in cloud computing.,daf5a0ea-dc42-46e2-b5a7-840de5ca637d
16,Flexible Method for IoT Networks,This study analyzes the effects of large-scale distributed systems in cloud computing.,7355c0c1-a8b1-430f-9513-8556dd050f80
17,Secure Method for Cloud Computing,We provide a comparative analysis of various AI optimization techniques.,a191ada9-b30a-4a60-bb3c-28ee45ade10b
18,Secure Method for Blockchain,This study analyzes the effects of large-scale distributed systems in cloud computing.,8a3773ea-5daf-496f-8f1c-241d4e663a06
19,Optimized Technique for Graph Databases,A new framework for cybersecurity threat detection is introduced.,fd28c504-ca1e-48e2-8813-9c7eaff5ca7a
20,Robust Technique for IoT Networks,"In this work, we investigate the security challenges in IoT networks.",a388235f-f961-4c27-a35f-95fb6756d2b3
21,Secure Model for Blockchain,This paper explores the impact of machine learning algorithms on data analysis efficiency.,cbe279a9-b440-480f-9e50-a658814893a1
22,Secure Architecture for Blockchain,This study evaluates the scalability of real-time recommendation systems.,7f2c2946-f413-4ca1-86aa-cf6ab71b4bc0
23,Scalable Approach for Graph Databases,We provide a comparative analysis of various AI optimization techniques.,2ea243a4-0168-4e78-a07f-e14111ddc60b
24,Scalable Technique for Cloud Computing,An empirical study on the performance of blockchain technologies.,7a216d5e-8521-42e9-acc7-ff93ff43e2e5
25,Robust Architecture for Graph Databases,An empirical study on the performance of blockchain technologies.,e17974a1-93d5-4e47-a6f5-6281a43078c3
26,Robust Algorithm for Healthcare AI,We provide a comparative analysis of various AI optimization techniques.,a9d0ebaa-4efc-4421-8e50-da65b24eca3b
27,Flexible System for Cybersecurity,We provide a comparative analysis of various AI optimization techniques.,1c3142e6-c767-4041-a83b-c6140caec286
28,Efficient Technique for Cloud Computing,We present a novel approach for optimizing graph database queries.,1af4d294-a4c6-4277-9cf1-e866940b60ee
29,Robust System for Cybersecurity,This study analyzes the effects of large-scale distributed systems in cloud computing.,f9530f27-7df4-4c53-a27e-2663ae1fcfd2
30,Robust Architecture for Quantum Computing,We present a novel approach for optimizing graph database queries.,aeaf9973-20a5-4892-bdc1-a503d387f265
31,Advanced Framework for Blockchain,This study analyzes the effects of large-scale distributed systems in cloud computing.,a788604e-db6d-43d5-b8e9-2ee9c011a151
32,Advanced Method for Healthcare AI,This paper explores the impact of machine learning algorithms on data analysis efficiency.,22e2a35b-2799-4b1e-ba7f-cf63ecff1b3a
33,Distributed Technique for Cybersecurity,This paper explores the impact of machine learning algorithms on data analysis efficiency.,53cc8aeb-25db-4f92-bf74-eaa580653df9
34,Robust Technique for Graph Databases,This paper explores the impact of machine learning algorithms on data analysis efficiency.,6a1f3c4a-a07b-410d-bfc7-dd7f75843271
35,Distributed Technique for Cloud Computing,We present a novel approach for optimizing graph database queries.,7d129c61-0359-4361-a58b-2f3fec971e7b
36,Optimized System for Healthcare AI,We provide a comparative analysis of various AI optimization techniques.,18fb8e23-4fd7-498d-a972-1f31cda39f3d
37,Advanced Architecture for Quantum Computing,We provide a comparative analysis of various AI optimization techniques.,84fb12c4-9e33-4cfa-b9c0-40b46a42aa50
38,Optimized Model for Cybersecurity,This study evaluates the scalability of real-time recommendation systems.,1ec1c751-2e48-4b86-b057-89442b506606
39,Distributed Algorithm for Quantum Computing,This study analyzes the effects of large-scale distributed systems in cloud computing.,0854f04b-c82e-4be1-ae39-8f448902120e
40,Advanced Method for Blockchain,We present a novel approach for optimizing graph database queries.,bdd3f5c4-b7c2-448c-9333-33f4cec9ad66
41,Robust Approach for Quantum Computing,A new framework for cybersecurity threat detection is introduced.,1e851bec-ed1f-4c72-9098-7889fdb8713d
42,Advanced Architecture for Cloud Computing,This paper proposes a new model for natural language processing tasks.,7258ac4e-eada-49ea-8483-90c054c8ce0e
43,Flexible Method for Cybersecurity,This paper explores the impact of machine learning algorithms on data analysis efficiency.,724da4cc-340d-46d2-8a32-e336a890f4b2
44,Advanced System for Healthcare AI,"In this work, we investigate the security challenges in IoT networks.",cfdfc1cd-2418-46cd-9529-036035600598
45,Optimized Architecture for Healthcare AI,A new framework for cybersecurity threat detection is introduced.,19f745bf-6ad7-49c0-a8bf-92bb4f459e7a
46,Efficient System for Healthcare AI,We provide a comparative analysis of various AI optimization techniques.,85e4e81d-e6f2-47fc-b73a-72a57d976b17
47,Distributed Architecture for Graph Databases,"In this work, we investigate the security challenges in IoT networks.",e2a7ca92-8d09-4f3e-9bcf-cd686c8c334c
48,Advanced Technique for IoT Networks,"In this work, we investigate the security challenges in IoT networks.",9ee44dd7-801b-4fac-8fd4-b36a927373f3
49,Distributed Framework for Cybersecurity,This paper proposes a new model for natural language processing tasks.,23fbd70c-193b-48f2-bfab-432112a29299
50,Advanced Technique for Healthcare AI,The research examines the evolution of data privacy regulations worldwide.,e590a178-13f4-4d81-8214-a3dfc7e1c760
51,Scalable Method for Graph Databases,We present a novel approach for optimizing graph database queries.,54ed3f81-f4c3-4081-92a9-b8aca6098c41
52,Efficient Architecture for Natural Language Processing,A new framework for cybersecurity threat detection is introduced.,b7dd3ac1-1a63-429b-9162-a576f4e6b634
53,Optimized Architecture for Blockchain,We present a novel approach for optimizing graph database queries.,00d0a2f9-9054-4c6f-8974-4b1ae12c52b8
54,Advanced Approach for Machine Learning,This paper explores the impact of machine learning algorithms on data analysis efficiency.,94f3c199-b245-43c4-bd81-988b7d0808ff
55,Flexible Approach for Natural Language Processing,An empirical study on the performance of blockchain technologies.,adf65e0a-173e-4594-99b5-d2039f5e6788
56,Optimized System for Data Privacy,This study analyzes the effects of large-scale distributed systems in cloud computing.,5bf2bdce-022d-4d2f-b768-813813c747dc
57,Scalable System for Cybersecurity,A new framework for cybersecurity threat detection is introduced.,f230ebf3-f9cd-4d64-891d-dcf33945a8c1
58,Efficient Model for Cloud Computing,We provide a comparative analysis of various AI optimization techniques.,d0539372-71c6-441d-b0e9-549c521931ee
59,Scalable Model for Blockchain,A new framework for cybersecurity threat detection is introduced.,a9bd6237-bd77-497b-85f1-9bde9f0d8ab8
60,Efficient Framework for Blockchain,An empirical study on the performance of blockchain technologies.,f3dba7f3-e391-42f0-a68d-e40ea13934bd
61,Flexible Technique for Cybersecurity,We present a novel approach for optimizing graph database queries.,e3a60989-b8d3-488e-8adf-035fc446d68d
62,Efficient Method for Healthcare AI,This study analyzes the effects of large-scale distributed systems in cloud computing.,bce7eae7-dacd-4096-89d8-3f784f468068
63,Optimized Technique for Quantum Computing,The research examines the evolution of data privacy regulations worldwide.,7e3e95d7-5807-4d27-9e0d-bb968b7ea162
64,Efficient Method for Cloud Computing,The research examines the evolution of data privacy regulations worldwide.,7b03c3b6-0da9-4a8f-9566-6a8eee008429
65,Scalable Architecture for Blockchain,This paper explores the impact of machine learning algorithms on data analysis efficiency.,50714a52-e366-4fd8-9fd3-de0a3d23e20c
66,Distributed Framework for Machine Learning,"In this work, we investigate the security challenges in IoT networks.",203216c9-0f70-48f7-8aba-6235753f65ca
67,Advanced Framework for Quantum Computing,This paper explores the impact of machine learning algorithms on data analysis efficiency.,d6c17475-3a09-45e2-acee-165c5a57dd2c
68,Robust Method for Healthcare AI,This study evaluates the scalability of real-time recommendation systems.,c67ab762-7054-4c37-85ca-386318d7c364
69,Advanced Architecture for Blockchain,We present a novel approach for optimizing graph database queries.,7fd34e36-b2f4-4202-b4b4-6a11a0e15dc7
70,Distributed Model for IoT Networks,This paper proposes a new model for natural language processing tasks.,c486da43-e7d5-4245-be69-84fc12b5c140
71,Flexible Approach for Graph Databases,The research examines the evolution of data privacy regulations worldwide.,335b5be8-8034-48ac-8aec-12f0bef96074
72,Scalable Algorithm for Machine Learning,This paper explores the impact of machine learning algorithms on data analysis efficiency.,1695804d-1895-41c8-ac4f-817b5bdfe410
73,Optimized Algorithm for IoT Networks,A new framework for cybersecurity threat detection is introduced.,b52d0bf1-51f0-4272-9411-37ee4e5aab07
74,Efficient Framework for Natural Language Processing,We provide a comparative analysis of various AI optimization techniques.,51fb9f80-c20a-424b-a24f-4bb9cb1702d6
75,Optimized Algorithm for Natural Language Processing,This study evaluates the scalability of real-time recommendation systems.,8a220be4-7c49-4f93-82f7-aa1e8eacd539
76,Secure Architecture for Data Privacy,A new framework for cybersecurity threat detection is introduced.,ec7365e0-a5da-4c6e-872a-43c88a40366f
77,Efficient Framework for Machine Learning,The research examines the evolution of data privacy regulations worldwide.,5425529f-a303-478b-abcc-ca5980a2d94c
78,Robust Method for Data Privacy,We present a novel approach for optimizing graph database queries.,2875f9f9-15e3-4347-af57-c8287afac321
79,Flexible Technique for IoT Networks,We present a novel approach for optimizing graph database queries.,53f5b962-8712-460d-a487-122c03a2676b
80,Secure System for Data Privacy,This paper explores the impact of machine learning algorithms on data analysis efficiency.,f749c094-5694-4473-8339-c18d119a775a
81,Scalable System for Machine Learning,The research examines the evolution of data privacy regulations worldwide.,eacc1884-8273-4f24-b76c-d7ca8ee4b165
82,Scalable Method for Machine Learning,A new framework for cybersecurity threat detection is introduced.,a752bca6-6a01-43be-a62d-071c05b752c5
83,Efficient Architecture for Data Privacy,We present a novel approach for optimizing graph database queries.,6ff1f86c-6497-434d-8fa6-907355c0ca88
84,Scalable Algorithm for Cloud Computing,This paper proposes a new model for natural language processing tasks.,0534a4cf-de06-445b-bab9-bc5dd863e3ad
85,Secure Approach for Data Privacy,The research examines the evolution of data privacy regulations worldwide.,48b7678b-c96c-49e0-a721-3bdee49171ab
86,Advanced Framework for Natural Language Processing,We provide a comparative analysis of various AI optimization techniques.,b5041e1d-6b61-4d0a-a396-0b04be8a01b4
87,Robust Architecture for IoT Networks,A new framework for cybersecurity threat detection is introduced.,17e9ac12-b104-4a70-9f58-fa06b86d0513
88,Scalable Technique for Natural Language Processing,A new framework for cybersecurity threat detection is introduced.,93baedda-ba3e-4453-9164-8bef7aa1038e
89,Optimized Method for Machine Learning,We present a novel approach for optimizing graph database queries.,7dc93c62-f2ab-4f40-a333-185202c731b4
90,Distributed Framework for Cloud Computing,"In this work, we investigate the security challenges in IoT networks.",10e1e587-9af5-4835-ad21-25763de67a96
91,Flexible Framework for IoT Networks,"In this work, we investigate the security challenges in IoT networks.",65e29666-4bdd-4be9-a9e7-8d596aa5e36b
92,Distributed Algorithm for Cloud Computing,We present a novel approach for optimizing graph database queries.,4efa171e-bcb7-4f8f-80d2-fd37f4c8fbe7
93,Secure Architecture for Natural Language Processing,A new framework for cybersecurity threat detection is introduced.,17d1df28-f554-4c04-8395-6f835dfa8405
94,Distributed Technique for IoT Networks,An empirical study on the performance of blockchain technologies.,0f244784-bd5f-46bb-b7d6-008a3af59ef4
95,Scalable Algorithm for Graph Databases,The research examines the evolution of data privacy regulations worldwide.,ea7da017-0fd3-4efd-9368-8787e60fefbb
96,Scalable System for Natural Language Processing,This paper explores the impact of machine learning algorithms on data analysis efficiency.,b986f0cf-5496-48cf-9c0c-e0bf88674f78
97,Secure Technique for Cloud Computing,An empirical study on the performance of blockchain technologies.,9a1cfff5-f142-4238-a35c-952a6909864d
98,Optimized Method for Data Privacy,We present a novel approach for optimizing graph database queries.,36484733-357c-4843-a121-316d49418c66
99,Advanced Technique for Machine Learning,The research examines the evolution of data privacy regulations worldwide.,77d809ab-3101-48b7-8448-7748dad66e21
100,Optimized Approach for Blockchain,This paper proposes a new model for natural language processing tasks.,cea6f19c-ab01-4313-ac79-7da584af707b
101,Efficient Technique for Natural Language Processing,We present a novel approach for optimizing graph database queries.,5b23ab3a-d32c-419d-a114-f9de71bf58a9
102,Efficient Approach for Data Privacy,"In this work, we investigate the security challenges in IoT networks.",ff4c34f2-dd93-41a3-a26f-856309a8f373
103,Scalable Approach for Cybersecurity,This study analyzes the effects of large-scale distributed systems in cloud computing.,65260e5f-f38d-4b6f-9f96-e07f07502882
104,Optimized Framework for Healthcare AI,A new framework for cybersecurity threat detection is introduced.,f41572f7-7605-4e9a-894f-4aa893e7bc3b
105,Flexible Algorithm for Healthcare AI,We present a novel approach for optimizing graph database queries.,3942a78d-62d7-4f8b-972f-f5317c6f4102
106,Secure Algorithm for Quantum Computing,This study evaluates the scalability of real-time recommendation systems.,a0c05cb4-bf08-4b48-9b38-dc4e1cb6e73d
107,Flexible Framework for Quantum Computing,This paper explores the impact of machine learning algorithms on data analysis efficiency.,5d6f7d71-e4f4-4849-abe2-d60a045c5416
108,Robust Approach for Cloud Computing,This study evaluates the scalability of real-time recommendation systems.,9216a901-78ac-449e-8324-0571acf6956f
109,Advanced Algorithm for Quantum Computing,We present a novel approach for optimizing graph database queries.,0600fdb4-648f-43e6-a5a6-5125ae44238a
110,Distributed Method for Blockchain,A new framework for cybersecurity threat detection is introduced.,794c7e29-11b1-4583-8014-dcb5f2b033e8
111,Advanced Architecture for IoT Networks,"In this work, we investigate the security challenges in IoT networks.",0acb7c92-e39f-4439-8325-3df12f0ca317
112,Optimized Architecture for Quantum Computing,This study evaluates the scalability of real-time recommendation systems.,c5572718-0a13-4e3e-8260-2cfa46b1f6bf
113,Flexible Technique for Natural Language Processing,We present a novel approach for optimizing graph database queries.,25f8de35-13bc-4afb-a3f0-23d5363b298e
114,Robust System for Data Privacy,This study analyzes the effects of large-scale distributed systems in cloud computing.,d70f70e6-1299-44ee-819c-87367e6b12cf
115,Optimized Method for IoT Networks,This paper explores the impact of machine learning algorithms on data analysis efficiency.,304ee56f-4ed9-4de0-b59e-ba18faab5c29
116,Advanced System for Cybersecurity,This paper proposes a new model for natural language processing tasks.,e92ed603-83fa-4726-b9fb-6a860915fb4f
117,Distributed Model for Natural Language Processing,This paper explores the impact of machine learning algorithms on data analysis efficiency.,e77d7847-7e17-41f6-956e-28f42cfd4739
118,Robust Framework for Cloud Computing,This study analyzes the effects of large-scale distributed systems in cloud computing.,bcbada30-5a3d-4872-9d82-46555ec142e7
119,Secure Algorithm for Natural Language Processing,We present a novel approach for optimizing graph database queries.,05f110f4-4532-418f-8f47-dd9430b02e94
120,Distributed Method for IoT Networks,"In this work, we investigate the security challenges in IoT networks.",ee364032-5a6b-45a8-8b1a-1f568511ddb0
121,Robust Architecture for Cloud Computing,We present a novel approach for optimizing graph database queries.,1df89df5-c428-4cba-9760-9257fbcce88c
122,Scalable Method for Data Privacy,An empirical study on the performance of blockchain technologies.,8a7a9d1a-34f7-42f3-b44b-ecd3e28a5890
123,Efficient Framework for Cybersecurity,This study analyzes the effects of large-scale distributed systems in cloud computing.,b8500ce5-79f1-42a7-bf49-f84df442e1f7
124,Robust Model for Natural Language Processing,"In this work, we investigate the security challenges in IoT networks.",222ad1a4-0aa8-4007-8120-59047f00f93d
125,Secure System for Blockchain,An empirical study on the performance of blockchain technologies.,f654d5a1-74b2-47f9-990f-a3fba64f5db9
126,Efficient Architecture for Blockchain,"In this work, we investigate the security challenges in IoT networks.",b5c2564a-2085-4975-9bd8-d176b4baa4a1
127,Efficient Algorithm for Blockchain,A new framework for cybersecurity threat detection is introduced.,b9fe7273-0930-4cd8-b776-b47050cf1408
128,Robust Technique for Data Privacy,We provide a comparative analysis of various AI optimization techniques.,5dfe7ab8-a412-42ba-89b8-e4afa4d1f21a
129,Efficient Model for Graph Databases,This study evaluates the scalability of real-time recommendation systems.,b7d0842b-4e92-4031-a8cd-5f0bbc1d42b6
130,Advanced System for Quantum Computing,This study evaluates the scalability of real-time recommendation systems.,64498dd3-bcfc-465e-82d4-08a1b614ad99
131,Scalable Algorithm for Data Privacy,An empirical study on the performance of blockchain technologies.,8fab1f62-cdf5-4966-a824-fc08da7b8cdb
132,Efficient Architecture for Graph Databases,A new framework for cybersecurity threat detection is introduced.,71a2402f-e623-4135-a682-90e8e5d13f5c
133,Robust Approach for Data Privacy,This paper explores the impact of machine learning algorithms on data analysis efficiency.,fd6dd4d7-516a-4820-9183-db39dee6a9a3
134,Distributed Algorithm for Data Privacy,This paper explores the impact of machine learning algorithms on data analysis efficiency.,4cf995b8-a2c9-4a39-b078-cca08dc0a315
135,Efficient Method for Cybersecurity,This paper explores the impact of machine learning algorithms on data analysis efficiency.,064f891d-7cb9-440d-9614-59a83ae8dd89
136,Distributed Algorithm for Machine Learning,An empirical study on the performance of blockchain technologies.,53e15bfb-1e09-4afc-8a7d-d1ef521255d5
137,Distributed Approach for Data Privacy,This paper proposes a new model for natural language processing tasks.,b67221d1-bb8b-4dbb-8329-94a809c7111e
138,Robust Approach for Healthcare AI,This paper proposes a new model for natural language processing tasks.,ea57c60e-aaac-4bd9-a9dd-929afcce4dd1
139,Efficient Model for Data Privacy,The research examines the evolution of data privacy regulations worldwide.,659cecd6-a121-4572-912c-0943b1152c51
140,Distributed Technique for Graph Databases,This study analyzes the effects of large-scale distributed systems in cloud computing.,6572c5d5-c39a-4e3a-bc71-33e8902ede78
141,Secure Model for IoT Networks,This paper explores the impact of machine learning algorithms on data analysis efficiency.,6e738f30-34f4-427d-8c3a-25a783cfbaf9
142,Efficient Technique for IoT Networks,This paper proposes a new model for natural language processing tasks.,3bd5511b-5071-4586-85d3-330c6196431f
143,Robust Framework for Quantum Computing,The research examines the evolution of data privacy regulations worldwide.,109fd497-4468-457f-93d2-cbb9e9cd7d2e
144,Optimized Algorithm for Quantum Computing,The research examines the evolution of data privacy regulations worldwide.,07ff2356-2fa2-4568-864e-73369ce52109
145,Advanced Technique for Data Privacy,This paper explores the impact of machine learning algorithms on data analysis efficiency.,9bf6160d-155c-4560-9324-b2dab1961c03
146,Advanced Algorithm for Machine Learning,"In this work, we investigate the security challenges in IoT networks.",268b0a05-a331-401c-8c0f-3fea92b8a52e
147,Scalable Method for Cloud Computing,This paper explores the impact of machine learning algorithms on data analysis efficiency.,65cb4eea-0f3b-4bd0-ae29-b483dfa9fe45
148,Distributed System for Blockchain,We provide a comparative analysis of various AI optimization techniques.,e7e47e0f-95c3-4fb3-977d-52e4884fed91
149,Secure Architecture for Quantum Computing,This study analyzes the effects of large-scale distributed systems in cloud computing.,438ae941-dce8-4433-b978-8c1072b63bf8
150,Efficient Model for Natural Language Processing,The research examines the evolution of data privacy regulations worldwide.,3df0abc5-a29e-44d0-9c0c-61f620eb35e0
